filename,width,height,class,xmin,ymin,xmax,ymax
283236.jpeg,500,800,dress,157,139,342,498
283236.jpeg,500,800,footwear,213,687,268,782
127226.jpeg,500,800,dress,64,9,384,800
292047.jpeg,500,800,dress,205,137,331,380
223792.jpeg,500,800,footwear,10,21,492,800
38215.jpeg,500,800,dress,12,11,487,800
226197.jpeg,500,800,footwear,10,8,473,800
195046.jpeg,500,800,footwear,133,63,340,750
139469.jpeg,500,800,dress,148,93,291,452
139469.jpeg,500,800,footwear,164,637,243,800
186122.jpeg,500,800,dress,132,62,371,739
194844.jpeg,500,800,dress,158,120,331,392
297052.jpeg,500,800,dress,174,129,329,513
297052.jpeg,500,800,footwear,207,697,284,784
358347.jpeg,500,800,dress,179,61,306,746
174100.jpeg,500,800,footwear,38,353,482,710
285057.jpeg,500,800,dress,185,142,302,800
344017.jpeg,500,800,dress,76,10,411,800
226299.jpeg,500,800,footwear,7,16,479,773
160483.jpeg,500,800,footwear,61,24,438,776
186034.jpeg,500,800,footwear,16,240,500,550
228640.jpeg,500,800,footwear,7,11,500,767
215269.jpeg,500,800,footwear,21,20,495,774
385036.jpeg,500,800,dress,194,134,323,578
311848.jpeg,500,800,footwear,176,127,315,513
311848.jpeg,500,800,footwear,200,703,261,777
286862.jpeg,500,800,dress,215,139,317,530
286862.jpeg,500,800,footwear,200,741,305,794
174470.jpeg,500,800,footwear,12,142,495,648
195954.jpeg,500,800,footwear,21,222,500,578
137129.jpeg,500,800,dress,165,120,291,694
137129.jpeg,500,800,footwear,212,689,275,800
226653.jpeg,500,800,footwear,13,19,500,797
205897.jpeg,500,800,footwear,129,24,353,777
354108.jpeg,500,800,dress,122,51,374,772
226532.jpeg,500,800,footwear,23,24,487,800
260656.jpeg,500,800,dress,194,142,321,494
260656.jpeg,500,800,footwear,222,668,276,773
151673.jpeg,500,800,dress,139,125,331,594
151673.jpeg,500,800,footwear,154,709,253,799
277973.jpeg,500,800,dress,174,137,366,584
277973.jpeg,500,800,footwear,242,672,305,787
208914.jpeg,500,800,dress,184,135,326,651
158564.jpeg,500,800,footwear,78,19,365,794
174819.jpeg,500,800,footwear,5,235,500,582
188156.jpeg,500,800,footwear,1,146,500,685
204372.jpeg,500,800,dress,200,136,323,529
204372.jpeg,500,800,footwear,206,683,284,777
217310.jpeg,500,800,footwear,12,8,496,800
220837.jpeg,500,800,footwear,16,13,500,794
142872.jpeg,500,800,dress,124,120,311,477
142872.jpeg,500,800,footwear,108,693,181,800
142872.jpeg,500,800,footwear,218,652,279,757
301279.jpeg,500,800,dress,175,125,350,577
301279.jpeg,500,800,footwear,207,699,280,784
387461.jpeg,500,800,dress,107,39,352,627
309808.jpeg,500,800,dress,242,126,416,783
196863.jpeg,500,800,footwear,138,177,347,627
174616.jpeg,500,800,footwear,16,241,500,562
204360.jpeg,500,800,dress,132,214,437,650
309356.jpeg,500,800,dress,73,166,355,699
279505.jpeg,500,800,dress,222,124,328,590
279505.jpeg,500,800,footwear,266,690,321,800
341658.jpeg,500,800,dress,163,155,310,498
341658.jpeg,500,800,footwear,234,701,259,795
204354.jpeg,500,800,dress,174,142,318,466
204354.jpeg,500,800,footwear,239,680,331,793
249278.jpeg,500,800,dress,192,127,316,495
249278.jpeg,500,800,footwear,224,680,281,767
249278.jpeg,500,800,footwear,295,677,358,755
188295.jpeg,500,800,footwear,38,9,469,659
162123.jpeg,500,800,dress,132,109,337,748
297057.jpeg,500,800,dress,207,137,324,506
297057.jpeg,500,800,footwear,215,690,301,785
178560.jpeg,500,800,footwear,16,171,484,764
32933.jpeg,500,800,dress,17,9,474,800
263509.jpeg,500,800,dress,173,115,328,752
196864.jpeg,500,800,footwear,17,172,500,627
168854.jpeg,500,800,dress,168,147,287,510
168854.jpeg,500,800,footwear,202,671,276,774
348859.jpeg,500,800,dress,140,61,348,779
194974.jpeg,500,800,footwear,16,301,497,608
151674.jpeg,500,800,dress,139,180,359,800
186719.jpeg,500,800,footwear,111,120,352,647
191827.jpeg,500,800,dress,199,140,331,506
191827.jpeg,500,800,footwear,154,641,336,793
195416.jpeg,500,800,dress,158,135,340,383
263505.jpeg,500,800,dress,194,136,327,778
186323.jpeg,500,800,dress,180,47,321,773
292046.jpeg,500,800,dress,169,129,333,532
292046.jpeg,500,800,dress,206,685,282,787
109756.jpeg,500,800,dress,158,127,352,469
109756.jpeg,500,800,footwear,226,662,396,792
260660.jpeg,500,800,dress,208,152,308,515
260660.jpeg,500,800,footwear,182,682,278,769
381537.jpeg,500,800,dress,150,58,349,668
387299.jpeg,500,800,dress,168,58,316,659
219149.jpeg,500,800,footwear,15,14,500,767
199362.jpeg,500,800,footwear,73,46,402,739
133047.jpeg,500,800,dress,128,164,401,714
109643.jpeg,500,800,dress,228,210,436,789
385165.jpeg,500,800,dress,139,58,319,573
159143.jpeg,500,800,dress,137,124,317,500
159143.jpeg,500,800,footwear,176,690,276,800
199743.jpeg,500,800,footwear,127,51,358,751
107513.jpeg,500,800,dress,97,166,395,722
204355.jpeg,500,800,dress,76,204,375,736
190358.jpeg,500,800,dress,185,132,297,695
190358.jpeg,500,800,footwear,199,700,300,787
348420.jpeg,500,800,dress,157,124,352,493
348420.jpeg,500,800,footwear,248,694,305,787
348421.jpeg,500,800,dress,181,129,310,498
348421.jpeg,500,800,footwear,208,690,248,789
199890.jpeg,500,800,footwear,28,68,453,730
189925.jpeg,500,800,dress,111,53,374,766
159266.jpeg,500,800,dress,165,134,352,509
159266.jpeg,500,800,footwear,143,683,209,800
159266.jpeg,500,800,footwear,250,692,310,800
226757.jpeg,500,800,footwear,8,15,500,753
158921.jpeg,500,800,footwear,40,27,415,766
204365.jpeg,500,800,dress,19,178,484,800
275224.jpeg,500,800,dress,179,151,328,389
195415.jpeg,500,800,dress,160,139,334,548
195415.jpeg,500,800,footwear,206,713,303,795
179985.jpeg,500,800,footwear,5,141,500,597
195427.jpeg,500,800,dress,148,121,350,519
195427.jpeg,500,800,footwear,186,710,308,784
385033.jpeg,500,800,dress,63,9,498,800
32930.jpeg,500,800,dress,99,116,440,783
221602.jpeg,500,800,footwear,12,10,500,774
289161.jpeg,500,800,dress,185,137,337,576
289161.jpeg,500,800,footwear,212,679,290,778
227389.jpeg,500,800,footwear,11,10,500,789
208161.jpeg,500,800,dress,174,109,328,648
387698.jpeg,500,800,dress,153,61,363,550
215708.jpeg,500,800,footwear,5,13,500,797
308171.jpeg,500,800,dress,73,47,419,800
194845.jpeg,500,800,dress,155,110,321,537
194845.jpeg,500,800,footwear,185,680,269,800
215272.jpeg,500,800,footwear,2,11,497,800
362986.jpeg,500,800,dress,179,42,324,477
362986.jpeg,500,800,footwear,199,688,240,787
25608.jpeg,500,800,dress,18,1,492,800
140041.jpeg,500,800,dress,150,103,363,800
191875.jpeg,500,800,dress,170,43,326,743
132964.jpeg,500,800,dress,148,124,301,459
132964.jpeg,500,800,footwear,170,672,274,774
221593.jpeg,500,800,footwear,5,241,500,767
208916.jpeg,500,800,dress,182,132,326,698
285055.jpeg,500,800,dress,203,150,319,780
349681.jpeg,500,800,dress,149,51,345,499
349681.jpeg,500,800,footwear,216,667,271,787
356855.jpeg,500,800,dress,169,58,334,427
356855.jpeg,500,800,footwear,202,682,260,776
198222.jpeg,500,800,footwear,6,47,476,724
153085.jpeg,500,800,dress,27,4,469,800
136289.jpeg,500,800,dress,211,122,359,735
136289.jpeg,500,800,footwear,173,731,357,800
132600.jpeg,500,800,dress,157,230,401,755
278496.jpeg,500,800,dress,206,150,321,534
278496.jpeg,500,800,footwear,217,685,302,776
163477.jpeg,500,800,dress,131,89,368,747
140100.jpeg,500,800,dress,137,114,295,747
140100.jpeg,500,800,footwear,168,736,222,800
187136.jpeg,500,800,footwear,144,152,333,637
191874.jpeg,500,800,dress,169,41,324,774
311852.jpeg,500,800,dress,180,141,313,504
311852.jpeg,500,800,footwear,207,714,260,782
220400.jpeg,500,800,footwear,13,255,500,564
341657.jpeg,500,800,dress,163,118,328,518
341657.jpeg,500,800,footwear,240,699,290,785
191829.jpeg,500,800,dress,192,146,376,511
191829.jpeg,500,800,footwear,211,689,296,790
280872.jpeg,500,800,dress,189,136,318,527
280872.jpeg,500,800,footwear,223,674,290,797
205214.jpeg,500,800,dress,180,106,322,782
289140.jpeg,500,800,dress,178,132,334,399
308194.jpeg,500,800,dress,164,50,323,777
25605.jpeg,500,800,dress,165,104,357,782
199396.jpeg,500,800,footwear,82,57,397,777
179984.jpeg,500,800,footwear,5,151,490,621
199747.jpeg,500,800,footwear,131,51,368,739
183092.jpeg,500,800,footwear,11,315,484,513
193484.jpeg,500,800,footwear,13,180,500,615
174617.jpeg,500,800,footwear,6,198,500,589
139010.jpeg,500,800,dress,101,35,411,716
387529.jpeg,500,800,dress,180,56,340,578
149337.jpeg,500,800,footwear,55,59,448,776
284629.jpeg,500,800,dress,176,130,332,393
23288.jpeg,500,800,dress,16,1,481,800
204362.jpeg,500,800,dress,134,206,418,747
139009.jpeg,500,800,dress,161,135,340,721
206477.jpeg,500,800,footwear,23,304,466,735
195418.jpeg,500,800,dress,170,142,342,524
195418.jpeg,500,800,footwear,232,743,290,788
198223.jpeg,500,800,footwear,139,62,343,736
162794.jpeg,500,800,dress,176,180,328,748
195425.jpeg,500,800,dress,158,137,331,564
195425.jpeg,500,800,footwear,216,718,279,794
223750.jpeg,500,800,footwear,15,136,500,678
277971.jpeg,500,800,dress,197,162,345,587
277971.jpeg,500,800,footwear,201,677,285,780
133307.jpeg,500,800,dress,174,113,371,571
133307.jpeg,500,800,footwear,200,690,326,800
133309.jpeg,500,800,dress,147,82,354,594
133309.jpeg,500,800,footwear,191,692,314,800
129533.jpeg,500,800,footwear,23,387,470,672
183105.jpeg,500,800,dress,157,35,326,456
183105.jpeg,500,800,footwear,212,653,286,798
132599.jpeg,500,800,dress,113,209,373,703
25607.jpeg,500,800,dress,144,101,364,788
32927.jpeg,500,800,dress,118,92,403,763
32928.jpeg,500,800,dress,134,95,349,737
249419.jpeg,500,800,dress,182,122,343,546
249419.jpeg,500,800,footwear,202,697,287,767
382877.jpeg,500,800,dress,145,68,342,571
384154.jpeg,500,800,dress,124,48,358,692
187291.jpeg,500,800,footwear,128,137,368,663
107514.jpeg,500,800,dress,155,152,317,463
107514.jpeg,500,800,footwear,187,687,242,790
107514.jpeg,500,800,footwear,333,688,390,789
182341.jpeg,500,800,footwear,2,197,500,600
301282.jpeg,500,800,dress,168,136,371,559
301282.jpeg,500,800,footwear,231,699,292,792
208917.jpeg,500,800,dress,190,132,333,667
295144.jpeg,500,800,dress,201,192,331,766
357673.jpeg,500,800,dress,166,82,345,730
225410.jpeg,500,800,footwear,8,15,496,774
278495.jpeg,500,800,dress,196,140,333,548
278495.jpeg,500,800,footwear,217,708,302,800
109753.jpeg,500,800,dress,42,173,431,713
182342.jpeg,500,800,footwear,1,222,499,606
206603.jpeg,500,800,footwear,15,388,482,756
202377.jpeg,500,800,footwear,21,189,500,568
228085.jpeg,500,800,footwear,31,5,495,800
263510.jpeg,500,800,dress,161,143,321,761
224493.jpeg,500,800,footwear,11,13,482,799
301280.jpeg,500,800,dress,153,152,342,568
301280.jpeg,500,800,footwear,208,724,303,784
199356.jpeg,500,800,footwear,85,294,447,740
207718.jpeg,500,800,footwear,18,187,484,604
308117.jpeg,500,800,dress,145,68,355,662
391091.jpeg,500,800,dress,176,77,344,627
382964.jpeg,500,800,dress,76,5,494,800
221595.jpeg,500,800,footwear,16,503,500,713
381536.jpeg,500,800,dress,170,71,337,695
280871.jpeg,500,800,dress,176,134,345,388
181180.jpeg,500,800,footwear,8,229,500,628
127224.jpeg,500,800,dress,154,129,328,778
157754.jpeg,500,800,dress,145,116,369,779
188562.jpeg,500,800,dress,136,92,363,732
309357.jpeg,500,800,dress,7,4,482,800
199924.jpeg,500,800,footwear,19,271,474,674
154785.jpeg,500,800,dress,38,1,477,800
198224.jpeg,500,800,footwear,6,52,492,768
137128.jpeg,500,800,dress,105,9,375,800
23287.jpeg,500,800,dress,15,1,471,800
186123.jpeg,500,800,dress,170,55,336,427
186123.jpeg,500,800,footwear,201,674,299,778
204358.jpeg,500,800,dress,103,201,390,730
195412.jpeg,500,800,dress,143,143,311,545
195412.jpeg,500,800,footwear,181,713,252,788
168855.jpeg,500,800,dress,166,141,318,509
168855.jpeg,500,800,footwear,197,677,312,800
194846.jpeg,500,800,dress,155,110,332,545
194846.jpeg,500,800,footwear,170,683,284,797
159268.jpeg,500,800,dress,29,4,478,800
177744.jpeg,500,800,footwear,11,166,500,686
185516.jpeg,500,800,footwear,107,130,391,671
161087.jpeg,500,800,dress,165,180,348,736
297055.jpeg,500,800,dress,192,140,321,382
387302.jpeg,500,800,dress,161,58,326,611
355144.jpeg,500,800,dress,179,31,322,403
355144.jpeg,500,800,footwear,186,678,244,797
195423.jpeg,500,800,dress,168,141,332,571
195423.jpeg,500,800,footwear,205,731,310,800
190356.jpeg,500,800,dress,202,141,311,385
328617.jpeg,500,800,dress,164,66,342,771
204349.jpeg,500,800,dress,79,208,381,724
311849.jpeg,500,800,dress,180,142,312,501
311849.jpeg,500,800,footwear,242,727,268,782
195413.jpeg,500,800,dress,164,139,333,553
195413.jpeg,500,800,footwear,196,726,287,790
130653.jpeg,500,800,dress,116,15,391,783
137600.jpeg,500,800,dress,133,174,376,730
284630.jpeg,500,800,dress,179,103,317,484
284630.jpeg,500,800,footwear,221,693,291,787
210290.jpeg,500,800,dress,191,135,311,457
210290.jpeg,500,800,footwear,190,667,279,778
185327.jpeg,500,800,dress,144,36,358,516
185327.jpeg,500,800,footwear,196,699,286,799
197169.jpeg,500,800,dress,186,135,360,494
197169.jpeg,500,800,footwear,213,683,306,793
32929.jpeg,500,800,dress,134,118,373,779
38212.jpeg,500,800,dress,157,77,347,757
170766.jpeg,500,800,dress,173,43,326,474
170766.jpeg,500,800,footwear,199,673,312,792
286863.jpeg,500,800,dress,190,203,323,532
286863.jpeg,500,800,footwear,228,745,286,800
357270.jpeg,500,800,dress,203,50,299,768
191812.jpeg,500,800,footwear,6,409,500,772
157056.jpeg,500,800,dress,119,182,379,641
235951.jpeg,500,800,dress,186,119,326,682
235951.jpeg,500,800,footwear,215,699,295,767
157756.jpeg,500,800,dress,111,177,401,800
236156.jpeg,500,800,dress,166,129,326,726
365264.jpeg,500,800,dress,22,9,473,800
194791.jpeg,500,800,footwear,16,351,486,714
358350.jpeg,500,800,dress,165,64,324,520
358350.jpeg,500,800,footwear,195,721,238,800
158581.jpeg,500,800,footwear,39,206,468,603
187336.jpeg,500,800,footwear,8,295,500,646
195428.jpeg,500,800,dress,180,134,349,540
195428.jpeg,500,800,footwear,216,719,315,790
354569.jpeg,500,800,dress,170,50,327,439
354569.jpeg,500,800,footwear,228,716,275,787
344016.jpeg,500,800,dress,137,174,381,742
185518.jpeg,500,800,footwear,18,221,500,665
207680.jpeg,500,800,footwear,112,21,361,751
387449.jpeg,500,800,dress,1,29,500,778
204356.jpeg,500,800,dress,116,205,397,741
130651.jpeg,500,800,dress,136,214,355,732
363291.jpeg,500,800,dress,168,45,348,440
363291.jpeg,500,800,footwear,210,672,255,785
109056.jpeg,500,800,dress,147,157,490,745
183106.jpeg,500,800,dress,169,34,323,455
183106.jpeg,500,800,footwear,213,695,282,798
109055.jpeg,500,800,dress,211,130,376,441
109055.jpeg,500,800,footwear,221,674,295,780
109055.jpeg,500,800,footwear,332,680,427,800
153799.jpeg,500,800,dress,139,124,342,458
153799.jpeg,500,800,footwear,103,680,182,800
153799.jpeg,500,800,footwear,226,673,285,789
285791.jpeg,500,800,dress,201,129,311,506
285791.jpeg,500,800,footwear,211,679,295,783
199361.jpeg,500,800,footwear,169,50,319,771
363501.jpeg,500,800,dress,179,57,322,497
363501.jpeg,500,800,footwear,234,682,279,782
207569.jpeg,500,800,footwear,154,247,334,756
284631.jpeg,500,800,dress,178,129,334,473
284631.jpeg,500,800,footwear,205,676,280,784
225309.jpeg,500,800,footwear,5,21,500,799
279506.jpeg,500,800,dress,211,131,345,356
140042.jpeg,500,800,dress,173,124,329,741
140042.jpeg,500,800,footwear,164,748,299,798
38213.jpeg,500,800,dress,150,58,329,767
204363.jpeg,500,800,dress,121,204,445,740
191828.jpeg,500,800,dress,185,135,332,388
163525.jpeg,500,800,dress,157,124,350,768
387440.jpeg,500,800,dress,175,64,339,594
207719.jpeg,500,800,footwear,111,19,353,742
182508.jpeg,500,800,dress,176,34,326,400
182508.jpeg,500,800,footwear,184,678,291,800
174618.jpeg,500,800,footwear,184,168,327,658
139468.jpeg,500,800,dress,145,224,358,761
198529.jpeg,500,800,footwear,11,316,500,730
197171.jpeg,500,800,dress,196,145,322,327
230243.jpeg,500,800,footwear,18,22,490,783
354909.jpeg,500,800,dress,143,85,354,747
123772.jpeg,500,800,dress,126,143,387,772
385039.jpeg,500,800,dress,166,132,329,557
328616.jpeg,500,800,dress,171,45,327,787
204359.jpeg,500,800,dress,121,210,387,746
153084.jpeg,500,800,dress,111,163,373,800
199749.jpeg,500,800,footwear,27,303,500,725
191713.jpeg,500,800,dress,119,161,403,792
137127.jpeg,500,800,dress,165,114,284,699
137127.jpeg,500,800,footwear,207,693,279,797
390978.jpeg,500,800,dress,34,9,474,800
226758.jpeg,500,800,footwear,27,10,495,768
285790.jpeg,500,800,dress,206,141,318,401
387697.jpeg,500,800,dress,187,59,329,590
292265.jpeg,500,800,dress,145,159,329,695
387522.jpeg,500,800,dress,192,79,339,632
144183.jpeg,500,800,footwear,57,139,457,640
200423.jpeg,500,800,footwear,17,220,489,589
168856.jpeg,500,800,dress,186,159,361,543
168856.jpeg,500,800,footwear,169,682,282,780
196555.jpeg,500,800,footwear,110,47,366,741
215270.jpeg,500,800,footwear,3,4,500,798
134667.jpeg,500,800,dress,1,1,500,799
194786.jpeg,500,800,footwear,33,66,438,716
365263.jpeg,500,800,dress,105,174,410,659
222833.jpeg,500,800,footwear,11,9,500,778
278494.jpeg,500,800,dress,184,131,326,529
278494.jpeg,500,800,footwear,247,684,281,783
346899.jpeg,500,800,dress,196,115,321,625
346899.jpeg,500,800,footwear,150,709,213,783
207824.jpeg,500,800,footwear,6,204,500,570
226533.jpeg,500,800,footwear,15,16,487,795
206476.jpeg,500,800,footwear,154,301,353,743
215635.jpeg,500,800,footwear,3,5,500,768
38214.jpeg,500,800,dress,140,68,349,776
347870.jpeg,500,800,dress,174,113,364,779
263507.jpeg,500,800,dress,137,129,331,780
142887.jpeg,500,800,footwear,24,11,500,746
387322.jpeg,500,800,dress,6,5,491,800
285056.jpeg,500,800,dress,192,132,311,785
140099.jpeg,500,800,dress,34,1,488,800
292266.jpeg,500,800,dress,181,194,363,688
344019.jpeg,500,800,dress,122,124,258,508
344019.jpeg,500,800,footwear,169,704,232,800
193482.jpeg,500,800,footwear,8,240,500,629
221088.jpeg,500,800,footwear,8,11,500,772
139361.jpeg,500,800,dress,142,151,358,690
301281.jpeg,500,800,dress,185,145,342,393
154784.jpeg,500,800,dress,157,114,317,592
154784.jpeg,500,800,footwear,171,705,282,800
109755.jpeg,500,800,dress,142,188,394,731
135805.jpeg,500,800,dress,150,194,387,758
177211.jpeg,500,800,footwear,111,45,363,750
177314.jpeg,500,800,footwear,15,161,500,653
215268.jpeg,500,800,footwear,3,5,500,775
249418.jpeg,500,800,dress,178,126,339,534
249418.jpeg,500,800,footwear,227,703,360,777
225995.jpeg,500,800,footwear,13,14,435,800
355145.jpeg,500,800,dress,174,47,326,627
194843.jpeg,500,800,dress,161,115,340,548
194843.jpeg,500,800,footwear,176,684,240,798
381399.jpeg,500,800,dress,39,5,484,800
199923.jpeg,500,800,footwear,185,93,348,683
204370.jpeg,500,800,dress,170,134,317,506
204370.jpeg,500,800,footwear,208,671,284,785
198810.jpeg,500,800,footwear,16,321,500,755
108025.jpeg,500,800,dress,68,129,334,456
108025.jpeg,500,800,footwear,208,669,323,790
278493.jpeg,500,800,dress,206,161,327,550
278493.jpeg,500,800,footwear,221,698,334,800
381535.jpeg,500,800,dress,1,16,438,800
178523.jpeg,500,800,footwear,13,199,500,576
222834.jpeg,500,800,footwear,18,9,500,784
388250.jpeg,500,800,dress,16,13,500,778
361741.jpeg,500,800,dress,195,26,336,764
263508.jpeg,500,800,dress,179,130,326,778
382971.jpeg,500,800,dress,163,69,349,721
188561.jpeg,500,800,footwear,8,229,500,647
204373.jpeg,500,800,dress,176,129,327,518
204373.jpeg,500,800,footwear,207,693,281,785
137601.jpeg,500,800,dress,163,99,315,457
137601.jpeg,500,800,footwear,185,689,355,794
228775.jpeg,500,800,footwear,8,13,486,795
229609.jpeg,500,800,footwear,6,14,500,791
218305.jpeg,500,800,footwear,16,13,500,776
304580.jpeg,500,800,dress,180,135,321,761
181178.jpeg,500,800,footwear,17,209,496,588
229790.jpeg,500,800,footwear,18,215,500,566
190146.jpeg,500,800,dress,150,53,361,729
107515.jpeg,500,800,dress,118,222,379,732
224793.jpeg,500,800,footwear,8,11,500,783
288581.jpeg,500,800,dress,205,129,340,380
132504.jpeg,500,800,dress,139,174,379,739
190359.jpeg,500,800,dress,190,130,319,709
190359.jpeg,500,800,footwear,207,684,287,785
221594.jpeg,500,800,footwear,7,19,500,784
204350.jpeg,500,800,dress,107,220,355,773
146620.jpeg,500,800,dress,163,129,388,800
136288.jpeg,500,800,dress,22,26,479,800
292263.jpeg,500,800,dress,173,180,310,689
186035.jpeg,500,800,footwear,1,191,500,626
187297.jpeg,500,800,footwear,11,242,500,649
163258.jpeg,500,800,footwear,15,204,479,569
157752.jpeg,500,800,dress,136,131,378,800
347602.jpeg,500,800,dress,113,199,386,741
308421.jpeg,500,800,dress,190,264,302,695
195419.jpeg,500,800,dress,173,145,331,385
197170.jpeg,500,800,dress,203,132,343,490
197170.jpeg,500,800,footwear,212,659,294,793
196937.jpeg,500,800,footwear,131,90,358,719
280870.jpeg,500,800,dress,176,130,296,532
280870.jpeg,500,800,footwear,210,698,300,799
363403.jpeg,500,800,dress,190,63,319,780
385164.jpeg,500,800,dress,180,57,327,562
229608.jpeg,500,800,footwear,43,10,490,800
385159.jpeg,500,800,dress,12,1,498,800
133048.jpeg,500,800,dress,100,8,491,800
357138.jpeg,500,800,dress,186,45,328,759
140098.jpeg,500,800,dress,140,137,268,727
140098.jpeg,500,800,footwear,202,737,248,800
382968.jpeg,500,800,dress,142,61,301,763
280875.jpeg,500,800,dress,194,130,322,551
280875.jpeg,500,800,footwear,203,685,290,789
228972.jpeg,500,800,footwear,5,9,500,775
153800.jpeg,500,800,dress,29,1,475,795
188294.jpeg,500,800,footwear,2,200,459,688
304579.jpeg,500,800,dress,208,150,302,759
199084.jpeg,500,800,footwear,69,61,408,746
216769.jpeg,500,800,footwear,7,10,500,783
204796.jpeg,500,800,dress,212,134,315,511
204796.jpeg,500,800,footwear,184,679,288,800
182507.jpeg,500,800,dress,154,41,331,626
387472.jpeg,500,800,dress,128,43,357,551
189048.jpeg,500,800,dress,165,59,317,525
189048.jpeg,500,800,footwear,184,706,307,798
199363.jpeg,500,800,footwear,68,45,417,780
162793.jpeg,500,800,dress,174,183,331,745
148685.jpeg,500,800,footwear,29,272,458,532
227390.jpeg,500,800,footwear,7,15,487,773
387526.jpeg,500,800,dress,128,26,500,782
24520.jpeg,500,800,dress,31,5,498,800
384152.jpeg,500,800,dress,161,36,327,650
127225.jpeg,500,800,dress,206,131,350,762
186164.jpeg,500,800,dress,111,63,375,729
277972.jpeg,500,800,dress,203,158,331,383
195426.jpeg,500,800,dress,165,141,332,393
25606.jpeg,500,800,dress,166,113,345,768
226146.jpeg,500,800,footwear,10,8,479,792
180365.jpeg,500,800,footwear,7,45,463,753
385161.jpeg,500,800,dress,164,62,342,627
290106.jpeg,500,800,dress,201,185,343,442
163524.jpeg,500,800,dress,153,124,357,746
195420.jpeg,500,800,dress,191,153,343,541
195420.jpeg,500,800,footwear,140,743,287,800
346896.jpeg,500,800,dress,142,129,252,613
346896.jpeg,500,800,footwear,140,714,199,787
289182.jpeg,500,800,dress,179,130,328,556
289182.jpeg,500,800,footwear,211,688,299,784
174468.jpeg,500,800,footwear,22,214,485,625
307527.jpeg,500,800,dress,169,59,319,685
200911.jpeg,500,800,footwear,12,59,473,741
311850.jpeg,500,800,dress,191,127,311,503
311850.jpeg,500,800,footwear,210,715,259,774
363402.jpeg,500,800,dress,170,37,326,785
186886.jpeg,500,800,footwear,6,157,500,624
288578.jpeg,500,800,dress,199,118,327,527
288578.jpeg,500,800,footwear,206,692,286,800
361288.jpeg,500,800,dress,154,56,357,789
204366.jpeg,500,800,dress,176,193,348,777
341656.jpeg,500,800,dress,161,153,318,529
341656.jpeg,500,800,dress,222,714,275,792
388252.jpeg,500,800,dress,92,51,359,672
290105.jpeg,500,800,dress,197,188,313,510
290105.jpeg,500,800,footwear,221,715,271,785
204364.jpeg,500,800,dress,18,121,456,800
130652.jpeg,500,800,dress,118,225,354,777
304578.jpeg,500,800,dress,210,148,310,747
221089.jpeg,500,800,footwear,3,5,500,794
195424.jpeg,500,800,dress,187,140,332,535
195424.jpeg,500,800,footwear,176,699,312,793
195421.jpeg,500,800,dress,184,151,337,541
195421.jpeg,500,800,footwear,175,740,281,800
195414.jpeg,500,800,dress,174,140,329,546
195414.jpeg,500,800,footwear,219,695,290,789
224495.jpeg,500,800,footwear,17,25,500,777
159267.jpeg,500,800,dress,136,178,500,705
179661.jpeg,500,800,dress,110,159,349,772
199085.jpeg,500,800,footwear,37,57,411,746
162863.jpeg,500,800,footwear,166,34,319,779
204357.jpeg,500,800,dress,170,147,338,473
204357.jpeg,500,800,footwear,118,667,194,787
204357.jpeg,500,800,footwear,269,698,342,795
229462.jpeg,500,800,footwear,6,8,500,786
285789.jpeg,500,800,dress,179,136,319,500
285789.jpeg,500,800,footwear,202,669,281,800
146621.jpeg,500,800,dress,174,125,352,794
32931.jpeg,500,800,dress,150,137,333,599
32931.jpeg,500,800,footwear,215,699,266,793
157055.jpeg,500,800,dress,155,116,357,477
157055.jpeg,500,800,footwear,231,695,315,797
159464.jpeg,500,800,footwear,55,171,459,601
311846.jpeg,500,800,dress,182,132,316,514
311846.jpeg,500,800,footwear,222,708,258,771
177315.jpeg,500,800,footwear,10,280,475,667
354480.jpeg,500,800,dress,154,66,337,773
195417.jpeg,500,800,dress,174,139,336,536
195417.jpeg,500,800,footwear,180,704,273,785
283237.jpeg,500,800,dress,179,143,350,495
283237.jpeg,500,800,footwear,200,698,300,800
159145.jpeg,500,800,dress,161,172,366,658
285793.jpeg,500,800,dress,199,116,323,521
285793.jpeg,500,800,footwear,216,693,308,800
357674.jpeg,500,800,dress,178,56,333,429
357674.jpeg,500,800,footwear,190,672,228,780
288579.jpeg,500,800,dress,216,120,328,547
288579.jpeg,500,800,footwear,210,688,301,800
347603.jpeg,500,800,dress,132,190,369,745
123773.jpeg,500,800,dress,123,69,359,562
123773.jpeg,500,800,footwear,189,685,251,800
328662.jpeg,500,800,dress,186,26,323,779
153081.jpeg,500,800,dress,173,87,358,693
153081.jpeg,500,800,footwear,189,725,310,798
186322.jpeg,500,800,dress,171,61,318,739
186322.jpeg,500,800,footwear,210,711,276,788
311851.jpeg,500,800,dress,179,146,308,521
311851.jpeg,500,800,footwear,239,721,269,776
160345.jpeg,500,800,footwear,97,25,405,782
200899.jpeg,500,800,footwear,137,55,336,734
356378.jpeg,500,800,dress,127,67,385,716
139362.jpeg,500,800,dress,212,106,350,476
139362.jpeg,500,800,footwear,194,680,311,800
204361.jpeg,500,800,dress,96,177,364,701
109754.jpeg,500,800,dress,128,185,401,753
168857.jpeg,500,800,dress,195,140,329,522
168857.jpeg,500,800,footwear,221,682,296,795
381397.jpeg,500,800,dress,144,93,354,615
220402.jpeg,500,800,footwear,13,22,500,775
133311.jpeg,500,800,dress,124,110,316,562
133311.jpeg,500,800,footwear,171,697,277,800
215649.jpeg,500,800,dress,192,142,319,466
215649.jpeg,500,800,footwear,194,693,291,769
